"","x"
"1","http://202.99.223.203:4001/Base/Login?stuno=13120001020092A"
"2","http://202.99.223.203:4001/Base/Login?stuno=13120001020093A"
"3","http://202.99.223.203:4001/Base/Login?stuno=13120001020094A"
"4","http://202.99.223.203:4001/Base/Login?stuno=13120001020095A"
"5","http://202.99.223.203:4001/Base/Login?stuno=13120001020096A"
"6","http://202.99.223.203:4001/Base/Login?stuno=13120001020097A"
"7","http://202.99.223.203:4001/Base/Login?stuno=13120001020098A"
"8","http://202.99.223.203:4001/Base/Login?stuno=13120001020099A"
"9","http://202.99.223.203:4001/Base/Login?stuno=13120001020100A"
"10","http://202.99.223.203:4001/Base/Login?stuno=13120001020101A"
"11","http://202.99.223.203:4001/Base/Login?stuno=13120001020102A"
"12","http://202.99.223.203:4001/Base/Login?stuno=13120001020103A"
"13","http://202.99.223.203:4001/Base/Login?stuno=13120001020104A"
"14","http://202.99.223.203:4001/Base/Login?stuno=13120001020105A"
"15","http://202.99.223.203:4001/Base/Login?stuno=13120001020106A"
"16","http://202.99.223.203:4001/Base/Login?stuno=13120001020107A"
"17","http://202.99.223.203:4001/Base/Login?stuno=13120001020108A"
"18","http://202.99.223.203:4001/Base/Login?stuno=13120001020109A"
"19","http://202.99.223.203:4001/Base/Login?stuno=13120001020110A"
"20","http://202.99.223.203:4001/Base/Login?stuno=13120001020111A"
"21","http://202.99.223.203:4001/Base/Login?stuno=13120001020112A"
"22","http://202.99.223.203:4001/Base/Login?stuno=13120001020113A"
"23","http://202.99.223.203:4001/Base/Login?stuno=13120001020114A"
"24","http://202.99.223.203:4001/Base/Login?stuno=13120001020115A"
"25","http://202.99.223.203:4001/Base/Login?stuno=13120001020116A"
"26","http://202.99.223.203:4001/Base/Login?stuno=13120001020117A"
"27","http://202.99.223.203:4001/Base/Login?stuno=13120001020118A"
"28","http://202.99.223.203:4001/Base/Login?stuno=13120001020119A"
"29","http://202.99.223.203:4001/Base/Login?stuno=13120001020120A"
"30","http://202.99.223.203:4001/Base/Login?stuno=13120001020121A"
"31","http://202.99.223.203:4001/Base/Login?stuno=13120001020122A"
"32","http://202.99.223.203:4001/Base/Login?stuno=13120001020123A"
"33","http://202.99.223.203:4001/Base/Login?stuno=13120001020124A"
"34","http://202.99.223.203:4001/Base/Login?stuno=13120001020125A"
"35","http://202.99.223.203:4001/Base/Login?stuno=13120001020126A"
"36","http://202.99.223.203:4001/Base/Login?stuno=13120001020127A"
"37","http://202.99.223.203:4001/Base/Login?stuno=13120001020128A"
"38","http://202.99.223.203:4001/Base/Login?stuno=13120001020129A"
"39","http://202.99.223.203:4001/Base/Login?stuno=13120001020130A"
"40","http://202.99.223.203:4001/Base/Login?stuno=13120001020131A"
"41","http://202.99.223.203:4001/Base/Login?stuno=13120001020132A"
"42","http://202.99.223.203:4001/Base/Login?stuno=13120001020133A"
"43","http://202.99.223.203:4001/Base/Login?stuno=13120001020134A"
"44","http://202.99.223.203:4001/Base/Login?stuno=13120001020135A"
"45","http://202.99.223.203:4001/Base/Login?stuno=13120001020136A"
"46","http://202.99.223.203:4001/Base/Login?stuno=13120001020137A"
"47","http://202.99.223.203:4001/Base/Login?stuno=13120001020138A"
"48","http://202.99.223.203:4001/Base/Login?stuno=13120001020139A"
"49","http://202.99.223.203:4001/Base/Login?stuno=13120001020140A"
"50","http://202.99.223.203:4001/Base/Login?stuno=13120001020141A"
"51","http://202.99.223.203:4001/Base/Login?stuno=13120001020142A"
"52","http://202.99.223.203:4001/Base/Login?stuno=13120001020143A"
"53","http://202.99.223.203:4001/Base/Login?stuno=13120001020144A"
"54","http://202.99.223.203:4001/Base/Login?stuno=13120001020145A"
"55","http://202.99.223.203:4001/Base/Login?stuno=13120001020146A"
"56","http://202.99.223.203:4001/Base/Login?stuno=13120001020147A"
"57","http://202.99.223.203:4001/Base/Login?stuno=13120001020148A"
"58","http://202.99.223.203:4001/Base/Login?stuno=13120001020149A"
"59","http://202.99.223.203:4001/Base/Login?stuno=13120001020150A"
"60","http://202.99.223.203:4001/Base/Login?stuno=13120001020151A"
"61","http://202.99.223.203:4001/Base/Login?stuno=13120001020152A"
"62","http://202.99.223.203:4001/Base/Login?stuno=13120001020153A"
"63","http://202.99.223.203:4001/Base/Login?stuno=13120001020154A"
"64","http://202.99.223.203:4001/Base/Login?stuno=13120001020155A"
"65","http://202.99.223.203:4001/Base/Login?stuno=13120001020156A"
"66","http://202.99.223.203:4001/Base/Login?stuno=13120001020157A"
"67","http://202.99.223.203:4001/Base/Login?stuno=13120001020158A"
"68","http://202.99.223.203:4001/Base/Login?stuno=13120001020159A"
"69","http://202.99.223.203:4001/Base/Login?stuno=13120001020160A"
"70","http://202.99.223.203:4001/Base/Login?stuno=13120001020161A"
"71","http://202.99.223.203:4001/Base/Login?stuno=13120001020162A"
"72","http://202.99.223.203:4001/Base/Login?stuno=13120001020163A"
"73","http://202.99.223.203:4001/Base/Login?stuno=13120001020164A"
"74","http://202.99.223.203:4001/Base/Login?stuno=13120001020165A"
"75","http://202.99.223.203:4001/Base/Login?stuno=13120001020166A"
"76","http://202.99.223.203:4001/Base/Login?stuno=13120001020167A"
"77","http://202.99.223.203:4001/Base/Login?stuno=13120001020168A"
"78","http://202.99.223.203:4001/Base/Login?stuno=13120001020169A"
"79","http://202.99.223.203:4001/Base/Login?stuno=13120001020170A"
"80","http://202.99.223.203:4001/Base/Login?stuno=13120001020171A"
"81","http://202.99.223.203:4001/Base/Login?stuno=13120001020172A"
"82","http://202.99.223.203:4001/Base/Login?stuno=13120001020173A"
"83","http://202.99.223.203:4001/Base/Login?stuno=13120001020174A"
"84","http://202.99.223.203:4001/Base/Login?stuno=13120001020175A"
"85","http://202.99.223.203:4001/Base/Login?stuno=13120001020176A"
"86","http://202.99.223.203:4001/Base/Login?stuno=13120001020177A"
"87","http://202.99.223.203:4001/Base/Login?stuno=13120001020178A"
"88","http://202.99.223.203:4001/Base/Login?stuno=13120001020179A"
"89","http://202.99.223.203:4001/Base/Login?stuno=13120001020180A"
"90","http://202.99.223.203:4001/Base/Login?stuno=13120001020181A"
"91","http://202.99.223.203:4001/Base/Login?stuno=13120001020182A"
"92","http://202.99.223.203:4001/Base/Login?stuno=13120001020183A"
"93","http://202.99.223.203:4001/Base/Login?stuno=13120001020184A"
"94","http://202.99.223.203:4001/Base/Login?stuno=13120001020185A"
"95","http://202.99.223.203:4001/Base/Login?stuno=13120001020186A"
"96","http://202.99.223.203:4001/Base/Login?stuno=13120001020187A"
"97","http://202.99.223.203:4001/Base/Login?stuno=13120001020188A"
"98","http://202.99.223.203:4001/Base/Login?stuno=13120001020189A"
"99","http://202.99.223.203:4001/Base/Login?stuno=13120001020190A"
"100","http://202.99.223.203:4001/Base/Login?stuno=13120001020191A"
"101","http://202.99.223.203:4001/Base/Login?stuno=13120001020192A"
"102","http://202.99.223.203:4001/Base/Login?stuno=13120001020193A"
"103","http://202.99.223.203:4001/Base/Login?stuno=13120001020194A"
"104","http://202.99.223.203:4001/Base/Login?stuno=13120001020195A"
"105","http://202.99.223.203:4001/Base/Login?stuno=13120001020196A"
"106","http://202.99.223.203:4001/Base/Login?stuno=13120001020197A"
"107","http://202.99.223.203:4001/Base/Login?stuno=13120001020198A"
"108","http://202.99.223.203:4001/Base/Login?stuno=13120001020199A"
"109","http://202.99.223.203:4001/Base/Login?stuno=13120001020200A"
"110","http://202.99.223.203:4001/Base/Login?stuno=13120001020201A"
"111","http://202.99.223.203:4001/Base/Login?stuno=13120001020202A"
"112","http://202.99.223.203:4001/Base/Login?stuno=13120001020203A"
"113","http://202.99.223.203:4001/Base/Login?stuno=13120001020204A"
"114","http://202.99.223.203:4001/Base/Login?stuno=13120001020205A"
"115","http://202.99.223.203:4001/Base/Login?stuno=13120001020206A"
"116","http://202.99.223.203:4001/Base/Login?stuno=13120001020207A"
"117","http://202.99.223.203:4001/Base/Login?stuno=13120001020208A"
"118","http://202.99.223.203:4001/Base/Login?stuno=13120001020209A"
"119","http://202.99.223.203:4001/Base/Login?stuno=13120001020210A"
"120","http://202.99.223.203:4001/Base/Login?stuno=13120001020211A"
"121","http://202.99.223.203:4001/Base/Login?stuno=13120001020212A"
"122","http://202.99.223.203:4001/Base/Login?stuno=13120001020213A"
"123","http://202.99.223.203:4001/Base/Login?stuno=13120001020214A"
"124","http://202.99.223.203:4001/Base/Login?stuno=13120001020215A"
"125","http://202.99.223.203:4001/Base/Login?stuno=13120001020216A"
"126","http://202.99.223.203:4001/Base/Login?stuno=13120001020217A"
"127","http://202.99.223.203:4001/Base/Login?stuno=13120001020218A"
"128","http://202.99.223.203:4001/Base/Login?stuno=13120001020219A"
"129","http://202.99.223.203:4001/Base/Login?stuno=13120001020220A"
"130","http://202.99.223.203:4001/Base/Login?stuno=13120001020221A"
"131","http://202.99.223.203:4001/Base/Login?stuno=13120001020222A"
"132","http://202.99.223.203:4001/Base/Login?stuno=13120001020223A"
"133","http://202.99.223.203:4001/Base/Login?stuno=13120001020224A"
"134","http://202.99.223.203:4001/Base/Login?stuno=13120001020225A"
"135","http://202.99.223.203:4001/Base/Login?stuno=13120001020226A"
"136","http://202.99.223.203:4001/Base/Login?stuno=13120001020227A"
"137","http://202.99.223.203:4001/Base/Login?stuno=13120001020228A"
"138","http://202.99.223.203:4001/Base/Login?stuno=13120001020229A"
"139","http://202.99.223.203:4001/Base/Login?stuno=13120001020230A"
"140","http://202.99.223.203:4001/Base/Login?stuno=13120001020231A"
"141","http://202.99.223.203:4001/Base/Login?stuno=13120001020232A"
"142","http://202.99.223.203:4001/Base/Login?stuno=13120001020233A"
"143","http://202.99.223.203:4001/Base/Login?stuno=13120001020234A"
"144","http://202.99.223.203:4001/Base/Login?stuno=13120001020235A"
"145","http://202.99.223.203:4001/Base/Login?stuno=13120001020236A"
"146","http://202.99.223.203:4001/Base/Login?stuno=13120001020237A"
"147","http://202.99.223.203:4001/Base/Login?stuno=13120001020238A"
"148","http://202.99.223.203:4001/Base/Login?stuno=13120001020239A"
"149","http://202.99.223.203:4001/Base/Login?stuno=13120001020240A"
"150","http://202.99.223.203:4001/Base/Login?stuno=13120001020241A"
"151","http://202.99.223.203:4001/Base/Login?stuno=13120001020242A"
"152","http://202.99.223.203:4001/Base/Login?stuno=13120001020243A"
"153","http://202.99.223.203:4001/Base/Login?stuno=13120001020244A"
"154","http://202.99.223.203:4001/Base/Login?stuno=13120001020245A"
"155","http://202.99.223.203:4001/Base/Login?stuno=13120001020246A"
"156","http://202.99.223.203:4001/Base/Login?stuno=13120001020247A"
"157","http://202.99.223.203:4001/Base/Login?stuno=13120001020248A"
"158","http://202.99.223.203:4001/Base/Login?stuno=13120001020249A"
"159","http://202.99.223.203:4001/Base/Login?stuno=13120001020250A"
"160","http://202.99.223.203:4001/Base/Login?stuno=13120001020251A"
"161","http://202.99.223.203:4001/Base/Login?stuno=13120001020252A"
"162","http://202.99.223.203:4001/Base/Login?stuno=13120001020253A"
"163","http://202.99.223.203:4001/Base/Login?stuno=13120001020254A"
"164","http://202.99.223.203:4001/Base/Login?stuno=13120001020255A"
"165","http://202.99.223.203:4001/Base/Login?stuno=13120001020256A"
"166","http://202.99.223.203:4001/Base/Login?stuno=13120001020257A"
"167","http://202.99.223.203:4001/Base/Login?stuno=13120001020258A"
"168","http://202.99.223.203:4001/Base/Login?stuno=13120001020259A"
"169","http://202.99.223.203:4001/Base/Login?stuno=13120001020260A"
"170","http://202.99.223.203:4001/Base/Login?stuno=13120001020261A"
"171","http://202.99.223.203:4001/Base/Login?stuno=13120001020262A"
"172","http://202.99.223.203:4001/Base/Login?stuno=13120001020263A"
"173","http://202.99.223.203:4001/Base/Login?stuno=13120001020264A"
"174","http://202.99.223.203:4001/Base/Login?stuno=13120001020265A"
"175","http://202.99.223.203:4001/Base/Login?stuno=13120001020266A"
"176","http://202.99.223.203:4001/Base/Login?stuno=13120001020267A"
"177","http://202.99.223.203:4001/Base/Login?stuno=13120001020268A"
"178","http://202.99.223.203:4001/Base/Login?stuno=13120001020269A"
"179","http://202.99.223.203:4001/Base/Login?stuno=13120001020270A"
"180","http://202.99.223.203:4001/Base/Login?stuno=13120001020271A"
"181","http://202.99.223.203:4001/Base/Login?stuno=13120001020272A"
"182","http://202.99.223.203:4001/Base/Login?stuno=13120001020273A"
"183","http://202.99.223.203:4001/Base/Login?stuno=13120001020274A"
"184","http://202.99.223.203:4001/Base/Login?stuno=13120001020275A"
"185","http://202.99.223.203:4001/Base/Login?stuno=13120001020276A"
"186","http://202.99.223.203:4001/Base/Login?stuno=13120001020277A"
"187","http://202.99.223.203:4001/Base/Login?stuno=13120001020278A"
"188","http://202.99.223.203:4001/Base/Login?stuno=13120001020279A"
"189","http://202.99.223.203:4001/Base/Login?stuno=13120001020280A"
"190","http://202.99.223.203:4001/Base/Login?stuno=13120001020281A"
"191","http://202.99.223.203:4001/Base/Login?stuno=13120001020282A"
"192","http://202.99.223.203:4001/Base/Login?stuno=13120001020283A"
"193","http://202.99.223.203:4001/Base/Login?stuno=13120001020284A"
"194","http://202.99.223.203:4001/Base/Login?stuno=13120001020285A"
"195","http://202.99.223.203:4001/Base/Login?stuno=13120001020286A"
"196","http://202.99.223.203:4001/Base/Login?stuno=13120001020287A"
"197","http://202.99.223.203:4001/Base/Login?stuno=13120001020288A"
"198","http://202.99.223.203:4001/Base/Login?stuno=13120001020289A"
"199","http://202.99.223.203:4001/Base/Login?stuno=13120001020290A"
"200","http://202.99.223.203:4001/Base/Login?stuno=13120001020291A"
"201","http://202.99.223.203:4001/Base/Login?stuno=13120001020292A"
"202","http://202.99.223.203:4001/Base/Login?stuno=13120001020293A"
"203","http://202.99.223.203:4001/Base/Login?stuno=13120001020294A"
"204","http://202.99.223.203:4001/Base/Login?stuno=13120001020295A"
"205","http://202.99.223.203:4001/Base/Login?stuno=13120001020296A"
"206","http://202.99.223.203:4001/Base/Login?stuno=13120001020297A"
"207","http://202.99.223.203:4001/Base/Login?stuno=13120001020298A"
"208","http://202.99.223.203:4001/Base/Login?stuno=13120001020299A"
"209","http://202.99.223.203:4001/Base/Login?stuno=13120001020300A"
"210","http://202.99.223.203:4001/Base/Login?stuno=13120001020301A"
"211","http://202.99.223.203:4001/Base/Login?stuno=13120001020302A"
"212","http://202.99.223.203:4001/Base/Login?stuno=13120001020303A"
"213","http://202.99.223.203:4001/Base/Login?stuno=13120001020304A"
"214","http://202.99.223.203:4001/Base/Login?stuno=13120001020305A"
"215","http://202.99.223.203:4001/Base/Login?stuno=13120001020306A"
"216","http://202.99.223.203:4001/Base/Login?stuno=13120001020307A"
"217","http://202.99.223.203:4001/Base/Login?stuno=13120001020308A"
"218","http://202.99.223.203:4001/Base/Login?stuno=13120001020309A"
"219","http://202.99.223.203:4001/Base/Login?stuno=13120001020310A"
"220","http://202.99.223.203:4001/Base/Login?stuno=13120001020311A"
"221","http://202.99.223.203:4001/Base/Login?stuno=13120001020312A"
"222","http://202.99.223.203:4001/Base/Login?stuno=13120001020313A"
"223","http://202.99.223.203:4001/Base/Login?stuno=13120001020314A"
"224","http://202.99.223.203:4001/Base/Login?stuno=13120001020315A"
"225","http://202.99.223.203:4001/Base/Login?stuno=13120001020316A"
"226","http://202.99.223.203:4001/Base/Login?stuno=13120001020317A"
"227","http://202.99.223.203:4001/Base/Login?stuno=13120001020318A"
"228","http://202.99.223.203:4001/Base/Login?stuno=13120001020319A"
"229","http://202.99.223.203:4001/Base/Login?stuno=13120001020320A"
"230","http://202.99.223.203:4001/Base/Login?stuno=13120001020321A"
"231","http://202.99.223.203:4001/Base/Login?stuno=13120001020322A"
"232","http://202.99.223.203:4001/Base/Login?stuno=13120001020323A"
"233","http://202.99.223.203:4001/Base/Login?stuno=13120001020324A"
"234","http://202.99.223.203:4001/Base/Login?stuno=13120001020325A"
"235","http://202.99.223.203:4001/Base/Login?stuno=13120001020326A"
"236","http://202.99.223.203:4001/Base/Login?stuno=13120001020327A"
"237","http://202.99.223.203:4001/Base/Login?stuno=13120001020328A"
"238","http://202.99.223.203:4001/Base/Login?stuno=13120001020329A"
"239","http://202.99.223.203:4001/Base/Login?stuno=13120001020330A"
"240","http://202.99.223.203:4001/Base/Login?stuno=13120001020331A"
"241","http://202.99.223.203:4001/Base/Login?stuno=13120001020332A"
"242","http://202.99.223.203:4001/Base/Login?stuno=13120001020333A"
"243","http://202.99.223.203:4001/Base/Login?stuno=13120001020334A"
"244","http://202.99.223.203:4001/Base/Login?stuno=13120001020335A"
"245","http://202.99.223.203:4001/Base/Login?stuno=13120001020336A"
"246","http://202.99.223.203:4001/Base/Login?stuno=13120001020337A"
"247","http://202.99.223.203:4001/Base/Login?stuno=13120001020338A"
"248","http://202.99.223.203:4001/Base/Login?stuno=13120001020339A"
"249","http://202.99.223.203:4001/Base/Login?stuno=13120001020340A"
"250","http://202.99.223.203:4001/Base/Login?stuno=13120001020341A"
"251","http://202.99.223.203:4001/Base/Login?stuno=13120001020342A"
"252","http://202.99.223.203:4001/Base/Login?stuno=13120001020343A"
"253","http://202.99.223.203:4001/Base/Login?stuno=13120001020344A"
"254","http://202.99.223.203:4001/Base/Login?stuno=13120001020345A"
"255","http://202.99.223.203:4001/Base/Login?stuno=13120001020346A"
"256","http://202.99.223.203:4001/Base/Login?stuno=13120001020347A"
"257","http://202.99.223.203:4001/Base/Login?stuno=13120001020348A"
"258","http://202.99.223.203:4001/Base/Login?stuno=13120001020349A"
"259","http://202.99.223.203:4001/Base/Login?stuno=13120001020350A"
"260","http://202.99.223.203:4001/Base/Login?stuno=13120001020351A"
"261","http://202.99.223.203:4001/Base/Login?stuno=13120001020352A"
"262","http://202.99.223.203:4001/Base/Login?stuno=13120001020353A"
"263","http://202.99.223.203:4001/Base/Login?stuno=13120001020354A"
"264","http://202.99.223.203:4001/Base/Login?stuno=13120001020355A"
"265","http://202.99.223.203:4001/Base/Login?stuno=13120001020356A"
"266","http://202.99.223.203:4001/Base/Login?stuno=13120001020357A"
"267","http://202.99.223.203:4001/Base/Login?stuno=13120001020358A"
"268","http://202.99.223.203:4001/Base/Login?stuno=13120001020359A"
"269","http://202.99.223.203:4001/Base/Login?stuno=13120001020360A"
"270","http://202.99.223.203:4001/Base/Login?stuno=13120001020361A"
"271","http://202.99.223.203:4001/Base/Login?stuno=13120001020362A"
"272","http://202.99.223.203:4001/Base/Login?stuno=13120001020363A"
"273","http://202.99.223.203:4001/Base/Login?stuno=13120001020364A"
"274","http://202.99.223.203:4001/Base/Login?stuno=13120001020365A"
"275","http://202.99.223.203:4001/Base/Login?stuno=13120001020366A"
"276","http://202.99.223.203:4001/Base/Login?stuno=13120001020367A"
"277","http://202.99.223.203:4001/Base/Login?stuno=13120001020368A"
"278","http://202.99.223.203:4001/Base/Login?stuno=13120001020369A"
"279","http://202.99.223.203:4001/Base/Login?stuno=13120001020370A"
"280","http://202.99.223.203:4001/Base/Login?stuno=13120001020371A"
"281","http://202.99.223.203:4001/Base/Login?stuno=13120001020372A"
"282","http://202.99.223.203:4001/Base/Login?stuno=13120001020373A"
"283","http://202.99.223.203:4001/Base/Login?stuno=13120001020374A"
"284","http://202.99.223.203:4001/Base/Login?stuno=13120001020375A"
"285","http://202.99.223.203:4001/Base/Login?stuno=13120001020376A"
"286","http://202.99.223.203:4001/Base/Login?stuno=13120001020377A"
"287","http://202.99.223.203:4001/Base/Login?stuno=13120001020378A"
"288","http://202.99.223.203:4001/Base/Login?stuno=13120001020379A"
"289","http://202.99.223.203:4001/Base/Login?stuno=13120001020380A"
"290","http://202.99.223.203:4001/Base/Login?stuno=13120001020381A"
"291","http://202.99.223.203:4001/Base/Login?stuno=13120001020382A"
"292","http://202.99.223.203:4001/Base/Login?stuno=13120001020383A"
"293","http://202.99.223.203:4001/Base/Login?stuno=13120001020384A"
"294","http://202.99.223.203:4001/Base/Login?stuno=13120001020385A"
"295","http://202.99.223.203:4001/Base/Login?stuno=13120001020386A"
"296","http://202.99.223.203:4001/Base/Login?stuno=13120001020387A"
"297","http://202.99.223.203:4001/Base/Login?stuno=13120001020388A"
"298","http://202.99.223.203:4001/Base/Login?stuno=13120001020389A"
"299","http://202.99.223.203:4001/Base/Login?stuno=13120001020390A"
"300","http://202.99.223.203:4001/Base/Login?stuno=13120001020391A"
"301","http://202.99.223.203:4001/Base/Login?stuno=13120001020392A"
"302","http://202.99.223.203:4001/Base/Login?stuno=13120001020393A"
"303","http://202.99.223.203:4001/Base/Login?stuno=13120001020394A"
"304","http://202.99.223.203:4001/Base/Login?stuno=13120001020395A"
"305","http://202.99.223.203:4001/Base/Login?stuno=13120001020396A"
"306","http://202.99.223.203:4001/Base/Login?stuno=13120001020397A"
"307","http://202.99.223.203:4001/Base/Login?stuno=13120001020398A"
"308","http://202.99.223.203:4001/Base/Login?stuno=13120001020399A"
"309","http://202.99.223.203:4001/Base/Login?stuno=13120001020400A"
"310","http://202.99.223.203:4001/Base/Login?stuno=13120001020401A"
"311","http://202.99.223.203:4001/Base/Login?stuno=13120001020402A"
"312","http://202.99.223.203:4001/Base/Login?stuno=13120001020403A"
"313","http://202.99.223.203:4001/Base/Login?stuno=13120001020404A"
"314","http://202.99.223.203:4001/Base/Login?stuno=13120001020405A"
"315","http://202.99.223.203:4001/Base/Login?stuno=13120001020406A"
"316","http://202.99.223.203:4001/Base/Login?stuno=13120001020407A"
"317","http://202.99.223.203:4001/Base/Login?stuno=13120001020408A"
"318","http://202.99.223.203:4001/Base/Login?stuno=13120001020409A"
"319","http://202.99.223.203:4001/Base/Login?stuno=13120001020410A"
"320","http://202.99.223.203:4001/Base/Login?stuno=13120001020411A"
"321","http://202.99.223.203:4001/Base/Login?stuno=13120001020412A"
"322","http://202.99.223.203:4001/Base/Login?stuno=13120001020413A"
"323","http://202.99.223.203:4001/Base/Login?stuno=13120001020414A"
"324","http://202.99.223.203:4001/Base/Login?stuno=13120001020415A"
"325","http://202.99.223.203:4001/Base/Login?stuno=13120001020416A"
"326","http://202.99.223.203:4001/Base/Login?stuno=13120001020417A"
"327","http://202.99.223.203:4001/Base/Login?stuno=13120001020418A"
"328","http://202.99.223.203:4001/Base/Login?stuno=13120001020419A"
"329","http://202.99.223.203:4001/Base/Login?stuno=13120001020420A"
"330","http://202.99.223.203:4001/Base/Login?stuno=13120001020421A"
"331","http://202.99.223.203:4001/Base/Login?stuno=13120001020422A"
"332","http://202.99.223.203:4001/Base/Login?stuno=13120001020423A"
"333","http://202.99.223.203:4001/Base/Login?stuno=13120001020424A"
"334","http://202.99.223.203:4001/Base/Login?stuno=13120001020425A"
"335","http://202.99.223.203:4001/Base/Login?stuno=13120001020426A"
"336","http://202.99.223.203:4001/Base/Login?stuno=13120001020427A"
"337","http://202.99.223.203:4001/Base/Login?stuno=13120001020428A"
"338","http://202.99.223.203:4001/Base/Login?stuno=13120001020429A"
"339","http://202.99.223.203:4001/Base/Login?stuno=13120001020430A"
"340","http://202.99.223.203:4001/Base/Login?stuno=13120001020431A"
"341","http://202.99.223.203:4001/Base/Login?stuno=13120001020432A"
"342","http://202.99.223.203:4001/Base/Login?stuno=13120001020433A"
"343","http://202.99.223.203:4001/Base/Login?stuno=13120001020434A"
"344","http://202.99.223.203:4001/Base/Login?stuno=13120001020435A"
"345","http://202.99.223.203:4001/Base/Login?stuno=13120001020436A"
"346","http://202.99.223.203:4001/Base/Login?stuno=13120001020437A"
"347","http://202.99.223.203:4001/Base/Login?stuno=13120001020438A"
"348","http://202.99.223.203:4001/Base/Login?stuno=13120001020439A"
"349","http://202.99.223.203:4001/Base/Login?stuno=13120001020440A"
"350","http://202.99.223.203:4001/Base/Login?stuno=13120001020441A"
"351","http://202.99.223.203:4001/Base/Login?stuno=13120001020442A"
"352","http://202.99.223.203:4001/Base/Login?stuno=13120001020443A"
"353","http://202.99.223.203:4001/Base/Login?stuno=13120001020444A"
"354","http://202.99.223.203:4001/Base/Login?stuno=13120001020445A"
"355","http://202.99.223.203:4001/Base/Login?stuno=13120001020446A"
"356","http://202.99.223.203:4001/Base/Login?stuno=13120001020447A"
"357","http://202.99.223.203:4001/Base/Login?stuno=13120001020448A"
"358","http://202.99.223.203:4001/Base/Login?stuno=13120001020449A"
"359","http://202.99.223.203:4001/Base/Login?stuno=13120001020450A"
"360","http://202.99.223.203:4001/Base/Login?stuno=13120001020451A"
"361","http://202.99.223.203:4001/Base/Login?stuno=13120001020452A"
"362","http://202.99.223.203:4001/Base/Login?stuno=13120001020453A"
"363","http://202.99.223.203:4001/Base/Login?stuno=13120001020454A"
"364","http://202.99.223.203:4001/Base/Login?stuno=13120001020455A"
"365","http://202.99.223.203:4001/Base/Login?stuno=13120001020456A"
"366","http://202.99.223.203:4001/Base/Login?stuno=13120001020457A"
"367","http://202.99.223.203:4001/Base/Login?stuno=13120001020458A"
"368","http://202.99.223.203:4001/Base/Login?stuno=13120001020459A"
"369","http://202.99.223.203:4001/Base/Login?stuno=13120001020460A"
"370","http://202.99.223.203:4001/Base/Login?stuno=13120001020461A"
"371","http://202.99.223.203:4001/Base/Login?stuno=13120001020462A"
"372","http://202.99.223.203:4001/Base/Login?stuno=13120001020463A"
"373","http://202.99.223.203:4001/Base/Login?stuno=13120001020464A"
"374","http://202.99.223.203:4001/Base/Login?stuno=13120001020465A"
"375","http://202.99.223.203:4001/Base/Login?stuno=13120001020466A"
"376","http://202.99.223.203:4001/Base/Login?stuno=13120001020467A"
"377","http://202.99.223.203:4001/Base/Login?stuno=13120001020468A"
"378","http://202.99.223.203:4001/Base/Login?stuno=13120001020469A"
"379","http://202.99.223.203:4001/Base/Login?stuno=13120001020470A"
"380","http://202.99.223.203:4001/Base/Login?stuno=13120001020471A"
"381","http://202.99.223.203:4001/Base/Login?stuno=13120001020472A"
"382","http://202.99.223.203:4001/Base/Login?stuno=13120001020473A"
"383","http://202.99.223.203:4001/Base/Login?stuno=13120001020474A"
"384","http://202.99.223.203:4001/Base/Login?stuno=13120001020475A"
"385","http://202.99.223.203:4001/Base/Login?stuno=13120001020476A"
"386","http://202.99.223.203:4001/Base/Login?stuno=13120001020477A"
"387","http://202.99.223.203:4001/Base/Login?stuno=13120001020478A"
"388","http://202.99.223.203:4001/Base/Login?stuno=13120001020479A"
"389","http://202.99.223.203:4001/Base/Login?stuno=13120001020480A"
"390","http://202.99.223.203:4001/Base/Login?stuno=13120001020481A"
"391","http://202.99.223.203:4001/Base/Login?stuno=13120001020482A"
"392","http://202.99.223.203:4001/Base/Login?stuno=13120001020483A"
"393","http://202.99.223.203:4001/Base/Login?stuno=13120001020484A"
"394","http://202.99.223.203:4001/Base/Login?stuno=13120001020485A"
"395","http://202.99.223.203:4001/Base/Login?stuno=13120001020486A"
"396","http://202.99.223.203:4001/Base/Login?stuno=13120001020487A"
"397","http://202.99.223.203:4001/Base/Login?stuno=13120001020488A"
"398","http://202.99.223.203:4001/Base/Login?stuno=13120001020489A"
"399","http://202.99.223.203:4001/Base/Login?stuno=13120001020490A"
"400","http://202.99.223.203:4001/Base/Login?stuno=13120001020491A"
"401","http://202.99.223.203:4001/Base/Login?stuno=13120001020492A"
"402","http://202.99.223.203:4001/Base/Login?stuno=13120001020493A"
"403","http://202.99.223.203:4001/Base/Login?stuno=13120001020494A"
"404","http://202.99.223.203:4001/Base/Login?stuno=13120001020495A"
"405","http://202.99.223.203:4001/Base/Login?stuno=13120001020496A"
"406","http://202.99.223.203:4001/Base/Login?stuno=13120001020497A"
"407","http://202.99.223.203:4001/Base/Login?stuno=13120001020498A"
"408","http://202.99.223.203:4001/Base/Login?stuno=13120001020499A"
"409","http://202.99.223.203:4001/Base/Login?stuno=13120001020500A"
"410","http://202.99.223.203:4001/Base/Login?stuno=13120001020501A"
"411","http://202.99.223.203:4001/Base/Login?stuno=13120001020502A"
"412","http://202.99.223.203:4001/Base/Login?stuno=13120001020503A"
"413","http://202.99.223.203:4001/Base/Login?stuno=13120001020504A"
"414","http://202.99.223.203:4001/Base/Login?stuno=13120001020505A"
"415","http://202.99.223.203:4001/Base/Login?stuno=13120001020506A"
"416","http://202.99.223.203:4001/Base/Login?stuno=13120001020507A"
"417","http://202.99.223.203:4001/Base/Login?stuno=13120001020508A"
"418","http://202.99.223.203:4001/Base/Login?stuno=13120001020509A"
"419","http://202.99.223.203:4001/Base/Login?stuno=13120001020510A"
"420","http://202.99.223.203:4001/Base/Login?stuno=13120001020511A"
"421","http://202.99.223.203:4001/Base/Login?stuno=13120001020512A"
"422","http://202.99.223.203:4001/Base/Login?stuno=13120001020513A"
"423","http://202.99.223.203:4001/Base/Login?stuno=13120001020514A"
"424","http://202.99.223.203:4001/Base/Login?stuno=13120001020515A"
"425","http://202.99.223.203:4001/Base/Login?stuno=13120001020516A"
"426","http://202.99.223.203:4001/Base/Login?stuno=13120001020517A"
"427","http://202.99.223.203:4001/Base/Login?stuno=13120001020518A"
"428","http://202.99.223.203:4001/Base/Login?stuno=13120001020519A"
"429","http://202.99.223.203:4001/Base/Login?stuno=13120001020520A"
"430","http://202.99.223.203:4001/Base/Login?stuno=13120001020521A"
"431","http://202.99.223.203:4001/Base/Login?stuno=13120001020522A"
"432","http://202.99.223.203:4001/Base/Login?stuno=13120001020523A"
"433","http://202.99.223.203:4001/Base/Login?stuno=13120001020524A"
"434","http://202.99.223.203:4001/Base/Login?stuno=13120001020525A"
"435","http://202.99.223.203:4001/Base/Login?stuno=13120001020526A"
"436","http://202.99.223.203:4001/Base/Login?stuno=13120001020527A"
"437","http://202.99.223.203:4001/Base/Login?stuno=13120001020528A"
"438","http://202.99.223.203:4001/Base/Login?stuno=13120001020529A"
"439","http://202.99.223.203:4001/Base/Login?stuno=13120001020530A"
"440","http://202.99.223.203:4001/Base/Login?stuno=13120001020531A"
"441","http://202.99.223.203:4001/Base/Login?stuno=13120001020532A"
"442","http://202.99.223.203:4001/Base/Login?stuno=13120001020533A"
"443","http://202.99.223.203:4001/Base/Login?stuno=13120001020534A"
"444","http://202.99.223.203:4001/Base/Login?stuno=13120001020535A"
"445","http://202.99.223.203:4001/Base/Login?stuno=13120001020536A"
"446","http://202.99.223.203:4001/Base/Login?stuno=13120001020537A"
"447","http://202.99.223.203:4001/Base/Login?stuno=13120001020538A"
"448","http://202.99.223.203:4001/Base/Login?stuno=13120001020539A"
"449","http://202.99.223.203:4001/Base/Login?stuno=13120001020540A"
"450","http://202.99.223.203:4001/Base/Login?stuno=13120001020541A"
"451","http://202.99.223.203:4001/Base/Login?stuno=13120001020542A"
"452","http://202.99.223.203:4001/Base/Login?stuno=13120001020543A"
"453","http://202.99.223.203:4001/Base/Login?stuno=13120001020544A"
"454","http://202.99.223.203:4001/Base/Login?stuno=13120001020545A"
"455","http://202.99.223.203:4001/Base/Login?stuno=13120001020546A"
"456","http://202.99.223.203:4001/Base/Login?stuno=13120001020547A"
"457","http://202.99.223.203:4001/Base/Login?stuno=13120001020548A"
"458","http://202.99.223.203:4001/Base/Login?stuno=13120001020549A"
"459","http://202.99.223.203:4001/Base/Login?stuno=13120001020550A"
"460","http://202.99.223.203:4001/Base/Login?stuno=13120001020551A"
"461","http://202.99.223.203:4001/Base/Login?stuno=13120001020552A"
"462","http://202.99.223.203:4001/Base/Login?stuno=13120001020553A"
"463","http://202.99.223.203:4001/Base/Login?stuno=13120001020554A"
"464","http://202.99.223.203:4001/Base/Login?stuno=13120001020555A"
"465","http://202.99.223.203:4001/Base/Login?stuno=13120001020556A"
"466","http://202.99.223.203:4001/Base/Login?stuno=13120001020557A"
"467","http://202.99.223.203:4001/Base/Login?stuno=13120001020558A"
"468","http://202.99.223.203:4001/Base/Login?stuno=13120001020559A"
"469","http://202.99.223.203:4001/Base/Login?stuno=13120001020560A"
"470","http://202.99.223.203:4001/Base/Login?stuno=13120001020561A"
"471","http://202.99.223.203:4001/Base/Login?stuno=13120001020562A"
"472","http://202.99.223.203:4001/Base/Login?stuno=13120001020563A"
"473","http://202.99.223.203:4001/Base/Login?stuno=13120001020564A"
"474","http://202.99.223.203:4001/Base/Login?stuno=13120001020565A"
"475","http://202.99.223.203:4001/Base/Login?stuno=13120001020566A"
"476","http://202.99.223.203:4001/Base/Login?stuno=13120001020567A"
"477","http://202.99.223.203:4001/Base/Login?stuno=13120001020568A"
"478","http://202.99.223.203:4001/Base/Login?stuno=13120001020569A"
"479","http://202.99.223.203:4001/Base/Login?stuno=13120001020570A"
"480","http://202.99.223.203:4001/Base/Login?stuno=13120001020571A"
"481","http://202.99.223.203:4001/Base/Login?stuno=13120001020572A"
"482","http://202.99.223.203:4001/Base/Login?stuno=13120001020573A"
"483","http://202.99.223.203:4001/Base/Login?stuno=13120001020574A"
"484","http://202.99.223.203:4001/Base/Login?stuno=13120001020575A"
"485","http://202.99.223.203:4001/Base/Login?stuno=13120001020576A"
"486","http://202.99.223.203:4001/Base/Login?stuno=13120001020577A"
"487","http://202.99.223.203:4001/Base/Login?stuno=13120001020578A"
"488","http://202.99.223.203:4001/Base/Login?stuno=13120001020579A"
"489","http://202.99.223.203:4001/Base/Login?stuno=13120001020580A"
"490","http://202.99.223.203:4001/Base/Login?stuno=13120001020581A"
"491","http://202.99.223.203:4001/Base/Login?stuno=13120001020582A"
"492","http://202.99.223.203:4001/Base/Login?stuno=13120001020583A"
"493","http://202.99.223.203:4001/Base/Login?stuno=13120001020584A"
"494","http://202.99.223.203:4001/Base/Login?stuno=13120001020585A"
"495","http://202.99.223.203:4001/Base/Login?stuno=13120001020586A"
"496","http://202.99.223.203:4001/Base/Login?stuno=13120001020587A"
"497","http://202.99.223.203:4001/Base/Login?stuno=13120001020588A"
"498","http://202.99.223.203:4001/Base/Login?stuno=13120001020589A"
"499","http://202.99.223.203:4001/Base/Login?stuno=13120001020590A"
"500","http://202.99.223.203:4001/Base/Login?stuno=13120001020591A"
"501","http://202.99.223.203:4001/Base/Login?stuno=13120001020592A"
"502","http://202.99.223.203:4001/Base/Login?stuno=13120001020593A"
"503","http://202.99.223.203:4001/Base/Login?stuno=13120001020594A"
"504","http://202.99.223.203:4001/Base/Login?stuno=13120001020595A"
"505","http://202.99.223.203:4001/Base/Login?stuno=13120001020596A"
"506","http://202.99.223.203:4001/Base/Login?stuno=13120001020597A"
"507","http://202.99.223.203:4001/Base/Login?stuno=13120001020598A"
"508","http://202.99.223.203:4001/Base/Login?stuno=13120001020599A"
"509","http://202.99.223.203:4001/Base/Login?stuno=13120001020600A"
"510","http://202.99.223.203:4001/Base/Login?stuno=13120001020601A"
"511","http://202.99.223.203:4001/Base/Login?stuno=13120001020602A"
"512","http://202.99.223.203:4001/Base/Login?stuno=13120001020603A"
"513","http://202.99.223.203:4001/Base/Login?stuno=13120001020604A"
"514","http://202.99.223.203:4001/Base/Login?stuno=13120001020605A"
"515","http://202.99.223.203:4001/Base/Login?stuno=13120001020606A"
"516","http://202.99.223.203:4001/Base/Login?stuno=13120001020607A"
"517","http://202.99.223.203:4001/Base/Login?stuno=13120001020608A"
"518","http://202.99.223.203:4001/Base/Login?stuno=13120001020609A"
"519","http://202.99.223.203:4001/Base/Login?stuno=13120001020610A"
"520","http://202.99.223.203:4001/Base/Login?stuno=13120001020611A"
"521","http://202.99.223.203:4001/Base/Login?stuno=13120001020612A"
"522","http://202.99.223.203:4001/Base/Login?stuno=13120001020613A"
"523","http://202.99.223.203:4001/Base/Login?stuno=13120001020614A"
"524","http://202.99.223.203:4001/Base/Login?stuno=13120001020615A"
"525","http://202.99.223.203:4001/Base/Login?stuno=13120001020616A"
"526","http://202.99.223.203:4001/Base/Login?stuno=13120001020617A"
"527","http://202.99.223.203:4001/Base/Login?stuno=13120001020618A"
"528","http://202.99.223.203:4001/Base/Login?stuno=13120001020619A"
"529","http://202.99.223.203:4001/Base/Login?stuno=13120001020620A"
"530","http://202.99.223.203:4001/Base/Login?stuno=13120001020621A"
"531","http://202.99.223.203:4001/Base/Login?stuno=13120001020622A"
"532","http://202.99.223.203:4001/Base/Login?stuno=13120001020623A"
"533","http://202.99.223.203:4001/Base/Login?stuno=13120001020624A"
"534","http://202.99.223.203:4001/Base/Login?stuno=13120001020625A"
"535","http://202.99.223.203:4001/Base/Login?stuno=13120001020626A"
"536","http://202.99.223.203:4001/Base/Login?stuno=13120001020627A"
"537","http://202.99.223.203:4001/Base/Login?stuno=13120001020628A"
"538","http://202.99.223.203:4001/Base/Login?stuno=13120001020629A"
"539","http://202.99.223.203:4001/Base/Login?stuno=13120001020630A"
"540","http://202.99.223.203:4001/Base/Login?stuno=13120001020631A"
"541","http://202.99.223.203:4001/Base/Login?stuno=13120001020632A"
"542","http://202.99.223.203:4001/Base/Login?stuno=13120001020633A"
"543","http://202.99.223.203:4001/Base/Login?stuno=13120001020634A"
"544","http://202.99.223.203:4001/Base/Login?stuno=13120001020635A"
"545","http://202.99.223.203:4001/Base/Login?stuno=13120001020636A"
"546","http://202.99.223.203:4001/Base/Login?stuno=13120001020637A"
"547","http://202.99.223.203:4001/Base/Login?stuno=13120001020638A"
"548","http://202.99.223.203:4001/Base/Login?stuno=13120001020639A"
"549","http://202.99.223.203:4001/Base/Login?stuno=13120001020640A"
"550","http://202.99.223.203:4001/Base/Login?stuno=13120001020641A"
"551","http://202.99.223.203:4001/Base/Login?stuno=13120001020642A"
"552","http://202.99.223.203:4001/Base/Login?stuno=13120001020643A"
"553","http://202.99.223.203:4001/Base/Login?stuno=13120001020644A"
"554","http://202.99.223.203:4001/Base/Login?stuno=13120001020645A"
"555","http://202.99.223.203:4001/Base/Login?stuno=13120001020646A"
"556","http://202.99.223.203:4001/Base/Login?stuno=13120001020647A"
"557","http://202.99.223.203:4001/Base/Login?stuno=13120001020648A"
"558","http://202.99.223.203:4001/Base/Login?stuno=13120001020649A"
"559","http://202.99.223.203:4001/Base/Login?stuno=13120001020650A"
"560","http://202.99.223.203:4001/Base/Login?stuno=13120001020651A"
"561","http://202.99.223.203:4001/Base/Login?stuno=13120001020652A"
"562","http://202.99.223.203:4001/Base/Login?stuno=13120001020653A"
"563","http://202.99.223.203:4001/Base/Login?stuno=13120001020654A"
"564","http://202.99.223.203:4001/Base/Login?stuno=13120001020655A"
"565","http://202.99.223.203:4001/Base/Login?stuno=13120001020656A"
"566","http://202.99.223.203:4001/Base/Login?stuno=13120001020657A"
"567","http://202.99.223.203:4001/Base/Login?stuno=13120001020658A"
"568","http://202.99.223.203:4001/Base/Login?stuno=13120001020659A"
"569","http://202.99.223.203:4001/Base/Login?stuno=13120001020660A"
"570","http://202.99.223.203:4001/Base/Login?stuno=13120001020661A"
"571","http://202.99.223.203:4001/Base/Login?stuno=13120001020662A"
"572","http://202.99.223.203:4001/Base/Login?stuno=13120001020663A"
"573","http://202.99.223.203:4001/Base/Login?stuno=13120001020664A"
"574","http://202.99.223.203:4001/Base/Login?stuno=13120001020665A"
"575","http://202.99.223.203:4001/Base/Login?stuno=13120001020666A"
"576","http://202.99.223.203:4001/Base/Login?stuno=13120001020667A"
"577","http://202.99.223.203:4001/Base/Login?stuno=13120001020668A"
"578","http://202.99.223.203:4001/Base/Login?stuno=13120001020669A"
"579","http://202.99.223.203:4001/Base/Login?stuno=13120001020670A"
"580","http://202.99.223.203:4001/Base/Login?stuno=13120001020671A"
"581","http://202.99.223.203:4001/Base/Login?stuno=13120001020672A"
"582","http://202.99.223.203:4001/Base/Login?stuno=13120001020673A"
"583","http://202.99.223.203:4001/Base/Login?stuno=13120001020674A"
"584","http://202.99.223.203:4001/Base/Login?stuno=13120001020675A"
"585","http://202.99.223.203:4001/Base/Login?stuno=13120001020676A"
"586","http://202.99.223.203:4001/Base/Login?stuno=13120001020677A"
"587","http://202.99.223.203:4001/Base/Login?stuno=13120001020678A"
"588","http://202.99.223.203:4001/Base/Login?stuno=13120001020679A"
"589","http://202.99.223.203:4001/Base/Login?stuno=13120001020680A"
"590","http://202.99.223.203:4001/Base/Login?stuno=13120001020681A"
"591","http://202.99.223.203:4001/Base/Login?stuno=13120001020682A"
"592","http://202.99.223.203:4001/Base/Login?stuno=13120001020683A"
"593","http://202.99.223.203:4001/Base/Login?stuno=13120001020684A"
"594","http://202.99.223.203:4001/Base/Login?stuno=13120001020685A"
"595","http://202.99.223.203:4001/Base/Login?stuno=13120001020686A"
"596","http://202.99.223.203:4001/Base/Login?stuno=13120001020687A"
"597","http://202.99.223.203:4001/Base/Login?stuno=13120001020688A"
"598","http://202.99.223.203:4001/Base/Login?stuno=13120001020689A"
"599","http://202.99.223.203:4001/Base/Login?stuno=13120001020690A"
"600","http://202.99.223.203:4001/Base/Login?stuno=13120001020691A"
"601","http://202.99.223.203:4001/Base/Login?stuno=13120001020692A"
"602","http://202.99.223.203:4001/Base/Login?stuno=13120001020693A"
"603","http://202.99.223.203:4001/Base/Login?stuno=13120001020694A"
"604","http://202.99.223.203:4001/Base/Login?stuno=13120001020695A"
"605","http://202.99.223.203:4001/Base/Login?stuno=13120001020696A"
"606","http://202.99.223.203:4001/Base/Login?stuno=13120001020697A"
"607","http://202.99.223.203:4001/Base/Login?stuno=13120001020698A"
"608","http://202.99.223.203:4001/Base/Login?stuno=13120001020699A"
